{
    "Deadlift_references": {
        "mean_torso": 118.97527282252084,
        "max_torso": 141.77224012582894,
        "min_torso": 99.57174501763673,
        "mean_knee": 100.9349487108484,
        "max_knee": 139.79642020856508,
        "min_knee": 62.352812727092704,
        "mean_hip": 83.99739537583822,
        "max_hip": 131.6198626624132,
        "min_hip": 45.25862113071966
    },
    "Pull-Up_references": {
        "mean_torso": 159.1248574643958,
        "max_torso": 169.91083972995034,
        "min_torso": 144.14328981109787,
        "mean_elbow": 131.65121765144332,
        "max_elbow": 155.0519406773183,
        "min_elbow": 98.90361557862393,
        "mean_shoulder": 103.0981348992214,
        "max_shoulder": 139.99144353570716,
        "min_shoulder": 62.91044899738598
    },
    "Squat_references": {
        "mean_torso": 118.97527282252084,
        "max_torso": 141.77224012582894,
        "min_torso": 99.57174501763673,
        "mean_knee": 100.9349487108484,
        "max_knee": 139.79642020856508,
        "min_knee": 62.352812727092704,
        "mean_hip": 83.99739537583822,
        "max_hip": 131.6198626624132,
        "min_hip": 45.25862113071966
    }
}