{
    "Deadlift_scores": {
        "min_net_loss": 0.0017559726256877184,
        "max_net_loss": 0.0777483880519867,
        "min_jointwise_loss": [
            0,
            0,
            0,
            0,
            0,
            0,
            0,
            0,
            0,
            0,
            0,
            0,
            0,
            0,
            0,
            0,
            0,
            0,
            0,
            0,
            0,
            0,
            0,
            0,
            0,
            0,
            0,
            0,
            0,
            0,
            0,
            0,
            0
        ],
        "max_jointwise_loss": [
            0.1501794010400772,
            0.14103356003761292,
            0.1402846723794937,
            0.15690240263938904,
            0.1576462835073471,
            0.16000768542289734,
            0.1550489068031311,
            0.14108121395111084,
            0.16532133519649506,
            0.13288207352161407,
            0.13449688255786896,
            0.14883758127689362,
            0.12417452037334442,
            0.16294904053211212,
            0.13656875491142273,
            0.16292695701122284,
            0.14549757540225983,
            0.1666071116924286,
            0.15526357293128967,
            0.17865264415740967,
            0.18300458788871765,
            0.15263262391090393,
            0.16072994470596313,
            0.19607098400592804,
            0.2052861601114273,
            0.19672279059886932,
            0.17598702013492584,
            0.22310122847557068,
            0.22691509127616882,
            0.23697589337825775,
            0.23106203973293304,
            0.24297736585140228,
            0.23709313571453094
        ]
    },
    "Pull_Up_scores": {
        "min_net_loss": 0.005857509560883045,
        "max_net_loss": 0.06948944181203842,
        "min_jointwise_loss": [
            0,
            0,
            0,
            0,
            0,
            0,
            0,
            0,
            0,
            0,
            0,
            0,
            0,
            0,
            0,
            0,
            0,
            0,
            0,
            0,
            0,
            0,
            0,
            0,
            0,
            0,
            0,
            0,
            0,
            0,
            0,
            0,
            0
        ],
        "max_jointwise_loss": [
            0.1482614427804947,
            0.1487167775630951,
            0.14855635166168213,
            0.1544950157403946,
            0.1448216736316681,
            0.1526137739419937,
            0.1533328741788864,
            0.15451779961585999,
            0.16423116624355316,
            0.14797767996788025,
            0.1514134556055069,
            0.1517179310321808,
            0.16499948501586914,
            0.15881779789924622,
            0.11748670041561127,
            0.27424436807632446,
            0.2657792270183563,
            0.3284003734588623,
            0.3048219382762909,
            0.31230300664901733,
            0.3175695538520813,
            0.3031352460384369,
            0.29203224182128906,
            0.1906583160161972,
            0.20109978318214417,
            0.14936362206935883,
            0.13962973654270172,
            0.16707831621170044,
            0.16092626750469208,
            0.16570977866649628,
            0.15280993282794952,
            0.1711134910583496,
            0.170278862118721
        ]
    },
    "Squat_scores": {
        "min_net_loss": 0.003297806717455387,
        "max_net_loss": 0.08639650791883469,
        "min_jointwise_loss": [
            0,
            0,
            0,
            0,
            0,
            0,
            0,
            0,
            0,
            0,
            0,
            0,
            0,
            0,
            0,
            0,
            0,
            0,
            0,
            0,
            0,
            0,
            0,
            0,
            0,
            0,
            0,
            0,
            0,
            0,
            0,
            0,
            0
        ],
        "max_jointwise_loss": [
            0.1473952978849411,
            0.14532656967639923,
            0.12764795124530792,
            0.13250768184661865,
            0.1593826860189438,
            0.15992403030395508,
            0.13239909708499908,
            0.11885951459407806,
            0.1475221961736679,
            0.14643201231956482,
            0.13557451963424683,
            0.13236604630947113,
            0.11320483684539795,
            0.15792880952358246,
            0.1595885157585144,
            0.2948446571826935,
            0.34903013706207275,
            0.33250436186790466,
            0.39332833886146545,
            0.39037030935287476,
            0.41391682624816895,
            0.38469862937927246,
            0.41001367568969727,
            0.15843719244003296,
            0.15113940834999084,
            0.1843288242816925,
            0.13317514955997467,
            0.2580740451812744,
            0.2259383648633957,
            0.34475207328796387,
            0.26596593856811523,
            0.3515608012676239,
            0.28733035922050476
        ]
    }
}